[
  {
    "_id": "69287b60d9dcf11fac74e889",
    "userId": "69286fd8ef3018662bae104b",
    "accountId": "1764260647235n1aggtgpv",
    "accountType": "bank",
    "type": "income",
    "amount": 38066,
    "category": "Salary",
    "date": "2025-11-01T00:00:00.000Z",
    "description": "Oct Salary",
    "tags": [],
    "createdAt": "2025-11-27T16:25:04.983Z",
    "updatedAt": "2025-11-27T16:25:04.983Z",
    "__v": 0
  },
  {
    "_id": "69287b9fd9dcf11fac74e88b",
    "userId": "69286fd8ef3018662bae104b",
    "accountId": "1764260647235n1aggtgpv",
    "accountType": "bank",
    "type": "expense",
    "amount": 2542.54,
    "category": "Axis Neo",
    "date": "2025-11-01T00:00:00.000Z",
    "description": "Paid\n",
    "tags": [],
    "createdAt": "2025-11-27T16:26:07.666Z",
    "updatedAt": "2025-11-27T16:26:07.666Z",
    "__v": 0
  },
  {
    "_id": "69287bd8d9dcf11fac74e88d",
    "userId": "69286fd8ef3018662bae104b",
    "accountId": "1764260647235n1aggtgpv",
    "accountType": "bank",
    "type": "expense",
    "amount": 4255,
    "category": "Access 125",
    "date": "2025-11-01T00:00:00.000Z",
    "description": "Nov Month",
    "tags": [],
    "createdAt": "2025-11-27T16:27:04.356Z",
    "updatedAt": "2025-11-27T16:27:04.356Z",
    "__v": 0
  },
  {
    "_id": "69287c26d9dcf11fac74e88f",
    "userId": "69286fd8ef3018662bae104b",
    "accountId": "1764260647235n1aggtgpv",
    "accountType": "bank",
    "type": "expense",
    "amount": 7031,
    "category": "Triumph 400",
    "date": "2025-11-01T00:00:00.000Z",
    "description": "Nov Month\n",
    "tags": [],
    "createdAt": "2025-11-27T16:28:22.497Z",
    "updatedAt": "2025-11-27T16:28:22.497Z",
    "__v": 0
  },
  {
    "_id": "69287c59d9dcf11fac74e891",
    "userId": "69286fd8ef3018662bae104b",
    "accountId": "1764260647235n1aggtgpv",
    "accountType": "bank",
    "type": "expense",
    "amount": 241,
    "category": "Food",
    "date": "2025-11-01T00:00:00.000Z",
    "description": "Food expences",
    "tags": [],
    "createdAt": "2025-11-27T16:29:13.118Z",
    "updatedAt": "2025-11-27T16:29:13.118Z",
    "__v": 0
  },
  {
    "_id": "69288161d9dcf11fac74e897",
    "userId": "69286fd8ef3018662bae104b",
    "accountId": "1764262204705qme5t3y2n",
    "accountType": "bank",
    "type": "income",
    "amount": 38066,
    "category": "Business",
    "date": "2025-11-01T00:00:00.000Z",
    "description": "Oct Salary",
    "tags": [],
    "createdAt": "2025-11-27T16:50:41.900Z",
    "updatedAt": "2025-11-27T16:50:41.900Z",
    "__v": 0
  },
  {
    "_id": "69288177d9dcf11fac74e899",
    "userId": "69286fd8ef3018662bae104b",
    "accountId": "1764262204705qme5t3y2n",
    "accountType": "bank",
    "type": "expense",
    "amount": 2542.54,
    "category": "Axis Neo",
    "date": "2025-11-01T00:00:00.000Z",
    "tags": [],
    "createdAt": "2025-11-27T16:51:03.906Z",
    "updatedAt": "2025-11-27T16:51:03.906Z",
    "__v": 0
  },
  {
    "_id": "69288196d9dcf11fac74e89b",
    "userId": "69286fd8ef3018662bae104b",
    "accountId": "1764262204705qme5t3y2n",
    "accountType": "bank",
    "type": "expense",
    "amount": 4255,
    "category": "Access 125",
    "date": "2025-11-01T00:00:00.000Z",
    "tags": [],
    "createdAt": "2025-11-27T16:51:34.508Z",
    "updatedAt": "2025-11-27T16:51:34.508Z",
    "__v": 0
  },
  {
    "_id": "692881bdd9dcf11fac74e89d",
    "userId": "69286fd8ef3018662bae104b",
    "accountId": "1764262204705qme5t3y2n",
    "accountType": "bank",
    "type": "expense",
    "amount": 7031,
    "category": "Canara Bank",
    "date": "2025-11-01T00:00:00.000Z",
    "description": "Canara Bank",
    "tags": [],
    "createdAt": "2025-11-27T16:52:13.394Z",
    "updatedAt": "2025-11-27T16:52:13.394Z",
    "__v": 0
  },
  {
    "_id": "692881d9d9dcf11fac74e89f",
    "userId": "69286fd8ef3018662bae104b",
    "accountId": "1764262204705qme5t3y2n",
    "accountType": "bank",
    "type": "expense",
    "amount": 241,
    "category": "Food",
    "date": "2025-11-01T00:00:00.000Z",
    "description": "Food ",
    "tags": [],
    "createdAt": "2025-11-27T16:52:41.736Z",
    "updatedAt": "2025-11-27T16:52:41.736Z",
    "__v": 0
  }
]